"sim","beta_cov_sim","beta_cov_est","beta_cov_SE","beta_cov_95LCI","beta_cov_95UCI","beta_cov_in_95CI","converg.mess","AICc_baseline","AICc_new","deltaAICc"
1,0.5,0.533016590484785,0.0359188003980414,0.46261703533674,0.603416145632829,TRUE,0,37877.3732281271,37879.2626303206,1.88940219349024
2,0.5,0.47022568701754,0.0319437448011992,0.407617097675851,0.532834276359229,TRUE,0,37994.9394929584,37996.0745447573,1.13505179899221
3,0.5,0.47717192936393,0.0270353022920417,0.424183710560375,0.530160148167485,TRUE,0,37907.4890563967,37908.7341455569,1.24508916020568
4,0.5,0.500306899291328,0.0261233551523802,0.449106064037314,0.551507734545342,TRUE,0,37842.1940925296,37844.1388563693,1.94476383973233
5,0.5,0.516503603331737,0.0298300884990404,0.458037704217976,0.574969502445499,TRUE,0,37829.4444938077,37831.3823408896,1.93784708194289
6,0.5,0.494715921837934,0.0299445349048818,0.436025711890563,0.553406131785305,TRUE,0,37928.1040218324,37929.9305143872,1.8264925548865
7,0.5,0.451206822151585,0.0314384640324259,0.389588564918772,0.512825079384397,TRUE,0,38007.1074438947,38008.610346301,1.50290240621689
8,0.5,0.458442243470449,0.0272086036750878,0.405114360197653,0.511770126743245,TRUE,0,37915.3614600804,37916.2208664637,0.859406383315218
9,0.5,0.440029230254208,0.0312093071870614,0.37886011218512,0.501198348323295,TRUE,0,38018.2786222729,38019.4355411366,1.15691886365676
10,0.5,0.48925238104042,0.0298245152977353,0.430797405200495,0.547707356880345,TRUE,0,37942.0124459489,37944.0002339934,1.9877880444983
11,0.5,0.458030963110545,0.0310067362486804,0.397258876784999,0.518803049436091,TRUE,0,37996.1003425988,37998.0560509025,1.95570830372162
12,0.5,0.511073418465452,0.0279507979951543,0.456290861055795,0.565855975875109,TRUE,0,37889.5951047487,37891.2316696774,1.6365649287618
13,0.5,0.509609305506148,0.0289346777381049,0.452898379235189,0.566320231777106,TRUE,0,37894.7215166375,37895.8340659385,1.11254930102587
14,0.5,0.484276268398517,0.0293832554457769,0.426686145976254,0.54186639082078,TRUE,0,37943.8765773935,37945.1691955142,1.29261812071491
15,0.5,0.498109121584811,0.0260258520148964,0.447099388968644,0.549118854200977,TRUE,0,37771.9690220007,37773.3510441909,1.38202219019149
16,0.5,0.509259984761059,0.0293208668009066,0.451792141835786,0.566727827686332,TRUE,0,37817.4469738285,37817.9470481586,0.500074330149801
17,0.5,0.486828319007569,0.0359989308614727,0.416271711037135,0.557384926978003,TRUE,0,38026.7029333784,38024.8864147453,-1.81651863313891
18,0.5,0.496627569320775,0.025866211630315,0.445930726108866,0.547324412532683,TRUE,0,37870.8570378006,37872.7398725215,1.8828347209419
19,0.5,0.518271472662412,0.0261903518946853,0.466939326206399,0.569603619118425,TRUE,0,37806.215075361,37808.2151426635,2.00006730251334
20,0.5,0.440641156600056,0.0275872915796792,0.386571058672879,0.494711254527232,FALSE,0,37954.3489650064,37954.6064415519,0.25747654553561
21,0.5,0.49046946084121,0.0285427490409925,0.434526700701099,0.54641222098132,TRUE,0,37927.9988442956,37929.8673776235,1.86853332790633
22,0.5,0.491634328980508,0.0280274614786207,0.436701513904327,0.546567144056688,TRUE,0,37910.8336006929,37912.4945359089,1.66093521598668
23,0.5,0.509625459330694,0.0294254746119532,0.451952588863268,0.56729832979812,TRUE,0,37914.3409889357,37915.0626058601,0.72161692440568
24,0.5,0.506359703727347,0.024890341599855,0.457575530628732,0.555143876825961,TRUE,0,37751.5164287649,37753.4721871923,1.95575842746621
25,0.5,0.526784962556941,0.0314589126669138,0.465126626736999,0.588443298376883,TRUE,0,37819.8758893566,37821.2303889368,1.35449958017853
26,0.5,0.50551914850339,0.0280283525946464,0.450584586871894,0.560453710134887,TRUE,0,37908.8833326069,37910.8134344803,1.93010187345499
27,0.5,0.465788032950278,0.028104058388515,0.410705090689378,0.520870975211178,TRUE,0,37931.6229540086,37930.5783702554,-1.04458375320974
28,0.5,0.553025843728268,0.0366159944647685,0.481259813319204,0.624791874137333,TRUE,0,37898.680868119,37900.6613250728,1.98045695381006
29,0.5,0.518527412664289,0.0226463835048558,0.47414131661469,0.562913508713888,TRUE,0,37633.6662929449,37635.6522505204,1.98595757554722
30,0.5,0.538001521737437,0.031547900746812,0.476168772485841,0.599834270989033,TRUE,0,37925.3299072081,37926.709185334,1.37927812592534
31,0.5,0.487519459764885,0.0297039826180045,0.429300723636192,0.545738195893578,TRUE,0,37940.4881198772,37942.3455465258,1.85742664859572
32,0.5,0.470934897004808,0.0378229094485807,0.396803356695071,0.545066437314546,TRUE,0,37908.9840098977,37910.8578151199,1.87380522223248
33,0.5,0.49511683762012,0.0300692644723785,0.436182162212648,0.554051513027592,TRUE,0,37849.5343501848,37850.2934830029,0.759132818115177
34,0.5,0.499910702199902,0.0253249398687545,0.450274732146501,0.549546672253304,TRUE,0,37805.8770080528,37806.8299640627,0.952956009845366
35,0.5,0.462962873160621,0.0308087987610796,0.402578737181962,0.523347009139279,TRUE,0,37982.4998594744,37984.4899657481,1.99010627374082
36,0.5,0.491568317543507,0.0326870932715928,0.427502791971883,0.55563384311513,TRUE,0,37977.5873494609,37979.5864702566,1.99912079577189
37,0.5,0.527933982288001,0.026664908504728,0.475671721967678,0.580196242608323,TRUE,0,37813.1062994056,37812.3141368643,-0.792162541212747
38,0.5,0.496979923951024,0.0313701719454657,0.435495516749083,0.558464331152966,TRUE,0,37916.2575385179,37918.2179613563,1.96042283843417
39,0.5,0.433518300497587,0.0354256189357488,0.36408536325348,0.502951237741695,TRUE,0,37911.6954231191,37913.3425027824,1.64707966324931
40,0.5,0.465439986983692,0.0278262369585849,0.410901564719588,0.519978409247796,TRUE,0,37930.5707423405,37930.1312396268,-0.439502713670663
41,0.5,0.452012904761072,0.0310452021326472,0.391165426688318,0.512860382833827,TRUE,0,38001.4084617863,38003.3729090366,1.96444725026231
42,0.5,0.572222676956861,0.0288134460745835,0.51574936038019,0.628695993533532,FALSE,0,37732.7511857972,37734.2281983514,1.47701255412539
43,0.5,0.518852076887115,0.0353595169783261,0.449548697098863,0.588155456675367,TRUE,0,37923.0478740834,37925.0445477832,1.99667369977396
44,0.5,0.4986106910992,0.0365195537076414,0.427033681100747,0.570187701097654,TRUE,0,37930.7238006109,37932.723375959,1.99957534804707
45,0.5,0.520830084579426,0.0300257398621631,0.461980715840418,0.579679453318435,TRUE,0,37895.685779381,37894.4065557256,-1.2792236554742
46,0.5,0.517581232929661,0.0339670101257258,0.451007116420731,0.584155349438591,TRUE,0,37905.6924356444,37906.2208318694,0.528396225010511
47,0.5,0.468038912193404,0.0283796707962157,0.412415779539718,0.52366204484709,TRUE,0,37936.11148433,37938.0491322118,1.93764788183762
48,0.5,0.540514673690868,0.028853040716835,0.483963753041404,0.597065594340332,TRUE,0,37855.3774306568,37854.8006311116,-0.576799545167887
49,0.5,0.505829749826861,0.026735584355711,0.453428967384034,0.558230532269687,TRUE,0,37821.8918616423,37823.8722299992,1.98036835699168
50,0.5,0.489612935816306,0.0323206090471223,0.426265706125547,0.552960165507065,TRUE,0,37948.5965790599,37950.5713855509,1.97480649094359
51,0.5,0.471854508841747,0.0258026030928908,0.421282336072299,0.522426681611195,TRUE,0,37880.5861436604,37882.5730936248,1.98694996437553
52,0.5,0.510829720271052,0.0346881675026131,0.442842161276237,0.578817279265866,TRUE,0,37898.1212899447,37899.8547467049,1.73345676021563
53,0.5,0.464746389097344,0.0291578027445593,0.407598145849685,0.521894632345004,TRUE,0,37958.8755228809,37960.7953718629,1.9198489820119
54,0.5,0.504012373636983,0.0231930043216122,0.458554920473341,0.549469826800625,TRUE,0,37731.8382183152,37733.7928134648,1.95459514962567
55,0.5,0.566297536668911,0.0249484757840658,0.517399422662972,0.61519565067485,FALSE,0,37719.1276828408,37721.1277696629,2.00008682208863
56,0.5,0.489023077748968,0.0291849633222157,0.431821600747303,0.546224554750633,TRUE,0,37879.7641009957,37880.6476534078,0.883552412124118
57,0.5,0.539205654109219,0.0296974546301307,0.480999712601651,0.597411595616788,TRUE,0,37875.6270373283,37876.9533958902,1.32635856192792
58,0.5,0.491352425613118,0.0329002390322045,0.426869142027238,0.555835709198998,TRUE,0,37894.5900987685,37896.5160072225,1.92590845400264
59,0.5,0.495482819031588,0.029567578871701,0.437531429333007,0.553434208730169,TRUE,0,37896.9504931273,37897.4772082185,0.526715091174992
60,0.5,0.47342691600799,0.0271076703219998,0.420296858472085,0.526556973543895,TRUE,0,37878.1154019551,37879.8632954442,1.74789348914783
61,0.5,0.520563043676874,0.0307976473671409,0.460200764028713,0.580925323325035,TRUE,0,37936.6016690232,37937.8038698915,1.20220086832705
62,0.5,0.486923528525615,0.0245830074469323,0.438741719297948,0.535105337753282,TRUE,0,37797.4539930262,37799.4147850797,1.96079205349815
63,0.5,0.537895846125914,0.0290551473295907,0.480948803794411,0.594842888457417,TRUE,0,37786.7345316701,37786.0415941368,-0.692937533225631
64,0.5,0.502241344698277,0.036349148969712,0.43099832184896,0.573484367547594,TRUE,0,37978.1228512015,37980.0680590233,1.94520782178733
65,0.5,0.510743696258083,0.0329011613645743,0.446258604933977,0.575228787582189,TRUE,0,37958.4816676334,37956.325066147,-2.15660148640018
66,0.5,0.492900404744358,0.0262203582446256,0.441509446923154,0.544291362565562,TRUE,0,37844.885746391,37846.8054577789,1.91971138786903
67,0.5,0.538515097865235,0.037490932177718,0.465034221050074,0.611995974680396,TRUE,0,37924.8793383932,37926.84766116,1.96832276672649
68,0.5,0.485144121538586,0.0247230871418506,0.436687761153914,0.533600481923258,TRUE,0,37825.2412565862,37827.0131482014,1.77189161520073
69,0.5,0.501840162180801,0.0282825053758474,0.44640747025158,0.557272854110022,TRUE,0,37865.6909273193,37866.1284338074,0.437506488073268
70,0.5,0.462889486228035,0.0313146403381804,0.401513918976376,0.524265053479694,TRUE,0,37989.3785134091,37991.281139857,1.90262644789618
71,0.5,0.489010532289454,0.0293650247064306,0.431456141459721,0.546564923119187,TRUE,0,37914.4142297581,37916.383686406,1.96945664787199
72,0.5,0.528003963948591,0.0312603264234098,0.466734850013742,0.58927307788344,TRUE,0,37922.8408529914,37924.0058753405,1.16502234912332
73,0.5,0.523882019254632,0.0260421289125556,0.472840384505274,0.57492365400399,TRUE,0,37814.5887490602,37815.4436973324,0.85494827223738
74,0.5,0.570168789642221,0.0280441541387779,0.515203257553326,0.625134321731115,FALSE,0,37797.1851824112,37798.7090567477,1.52387433643889
75,0.5,0.511870068488521,0.0271166241853355,0.458722461702956,0.565017675274086,TRUE,0,37860.1892751622,37860.8957329428,0.706457780514029
76,0.5,0.495752457122472,0.0281302357225267,0.440618208229698,0.550886706015246,TRUE,0,37908.7244929797,37910.5918098531,1.86731687339488
77,0.5,0.483904382007215,0.0309989255751294,0.423147604320524,0.544661159693906,TRUE,0,37980.7285041706,37982.7280774552,1.99957328462187
78,0.5,0.487613913679519,0.0304439386366213,0.427944890404194,0.547282936954844,TRUE,0,37898.5896523209,37900.0864496111,1.49679729022318
79,0.5,0.529816356274963,0.0310948588448527,0.468871552834695,0.590761159715231,TRUE,0,37902.4768011221,37904.3317769412,1.85497581905656
80,0.5,0.538690148320682,0.0250317134087737,0.489628891568157,0.587751405073207,TRUE,0,37739.2857723894,37741.1299518171,1.84417942770961
81,0.5,0.51369492792695,0.0279087822195839,0.458994719924194,0.568395135929706,TRUE,0,37846.8164751403,37848.3823855464,1.56591040611966
82,0.5,0.516196648334384,0.0183107598970593,0.480308218406587,0.55208507826218,TRUE,0,37423.6263186322,37424.9499214824,1.32360285017057
83,0.5,0.508176791156965,0.0262220207923805,0.456782574802038,0.559571007511891,TRUE,0,37787.1187328627,37788.8242162749,1.70548341217363
84,0.5,0.524754315942809,0.0222055121213127,0.481232311926769,0.568276319958849,TRUE,0,37604.0884106122,37603.884636497,-0.203774115208944
85,0.5,0.473178925999924,0.0325426890085367,0.409396427583104,0.536961424416743,TRUE,0,37999.0681816698,38000.1817112923,1.11352962251112
86,0.5,0.535090104806723,0.0283849941529168,0.479456538565626,0.59072367104782,TRUE,0,37838.1112590517,37840.0902777381,1.97901868639747
87,0.5,0.549108772554653,0.0337301867578732,0.482998821317412,0.615218723791894,TRUE,0,37836.4777420303,37826.0427889378,-10.4349530924883
88,0.5,0.499194595748182,0.0234391979346237,0.453254611969814,0.54513457952655,TRUE,0,37770.2924343471,37768.600264234,-1.69217011316505
89,0.5,0.491304323998648,0.0298586649009949,0.432782416166247,0.549826231831048,TRUE,0,37933.3703134144,37935.2499604715,1.87964705705235
90,0.5,0.471664744445922,0.0331857992577869,0.406621773102483,0.53670771578936,TRUE,0,38016.4573618944,38017.4671623084,1.00980041403091
91,0.5,0.554663231786965,0.0380522657668642,0.480082161353765,0.629244302220166,TRUE,0,37911.2869532207,37912.3629552867,1.0760020660673
92,0.5,0.469878049763496,0.0279684731940524,0.415060849600579,0.524695249926412,TRUE,0,37852.0898335368,37852.1078469368,0.0180134000474936
93,0.5,0.491845481667274,0.0305706244762676,0.431928158708891,0.551762804625657,TRUE,0,37805.5380323058,37806.5775041774,1.03947187153972
94,0.5,0.547063106061189,0.0332934815302999,0.481809081341851,0.612317130780526,TRUE,0,37844.9674284267,37845.6232034912,0.655775064587942
95,0.5,0.521184653753641,0.0317792616292399,0.458898445505055,0.583470862002227,TRUE,0,37933.3614772896,37934.9483426021,1.58686531242711
96,0.5,0.532640048638273,0.0300706654829521,0.473702627300535,0.59157746997601,TRUE,0,37849.0267742419,37850.9537703588,1.92699611694115
97,0.5,0.476668056515587,0.0255726926735537,0.426546499887711,0.526789613143464,TRUE,0,37860.6994350123,37859.700304141,-0.999130871299712
98,0.5,0.517999350599279,0.0318914738857495,0.45549321036931,0.580505490829247,TRUE,0,37946.7268069711,37948.5596668603,1.83285988918942
99,0.5,0.504881921995816,0.0323600146115032,0.44145745881808,0.568306385173553,TRUE,0,37893.522113088,37894.2720508592,0.749937771259283
100,0.5,0.502714334009628,0.0263014530382887,0.45116443331351,0.554264234705745,TRUE,0,37860.3564808571,37862.3371125433,1.98063168617955
