"dep_id","metal_band","dep_id_short","lon","lat","datetime_UTC","datetime_release_UTC","deployment_dur_min","mass_gain","rate_mass","dep_lon","dep_lat","distNest","X_UTM","Y_UTM"
"5AC_99699560_20230801",99699560,"ID32_D01",-75.97883,73.03316,"2023-08-01 21:39:59","2023-08-01 10:02:00",929,-45,-0.0484391819160387,-76.0948,72.9425,10.8026653603598,663375.586093535,8111031.2248465
"5AC_99699580_20230729",99699580,"ID37_D02",-75.2456,73.07657,"2023-07-30 09:52:02","2023-07-30 00:37:00",1456,-19,-0.0130494505494505,-76.0948,72.9425,31.4886633983174,686705.687362658,8117999.97176711
"5AC_99699656_20230725",99699656,"ID40_D03",-73.44464,73.50368,"2023-07-26 14:43:01","2023-07-25 23:10:00",1526,-24,-0.0157273918741809,-76.0948,72.9425,105.911534094154,738882.007480386,8171795.48726228
"AA10_99699516_20230729",99699516,"ID09_D05",-75.55524,73.19213,"2023-07-30 10:01:03","2023-07-30 00:52:00",854,0,0,-76.0948,72.9425,32.9218985121225,675513.600903151,8129902.8553169
"AA11_99699688_20230729",99699688,"ID51_D07",-75.30984,72.77423,"2023-07-30 08:47:03","2023-07-30 00:44:00",744,-18,-0.0241935483870968,-76.0948,72.9425,31.9359400692809,687826.386678058,8084211.76329607
"AA12_130600375_20230806",130600375,"ID54_D08",-74.61424,72.99735,"2023-08-06 18:10:01","2023-08-06 09:58:00",1407,18,0.0127931769722814,-76.0948,72.9425,48.8033678357897,708064.647136092,8111285.52101451
"AA12_99699687_20230729",99699687,"ID50_D11",-76.04981,72.97003,"2023-07-30 04:59:01","2023-07-30 00:23:00",773,-44,-0.0569210866752911,-76.0948,72.9425,3.40660883231434,661652.397008988,8103818.38518567
"AA20_99699536_20220725",99699536,"ID20_D15",-74.98981,73.50997,"2022-07-26 11:12:00","2022-07-25 23:45:00",964,-7,-0.00726141078838174,-76.0948,72.9425,72.6496251381314,690127.14857167,8166941.82389997
"AA3_99699510_20220725",99699510,"ID05_D19",-76.02388,73.2081,"2022-07-26 10:01:04","2022-07-25 23:21:00",1191,-15,-0.0125944584382872,-76.0948,72.9425,29.7274915891214,660291.986491703,8130362.93895462
"AA3_99699654_20230725",99699654,"ID39_D22",-74.47435,73.07651,"2023-07-26 05:21:02","2023-07-25 22:36:00",1006,5,0.00497017892644135,-76.0948,72.9425,54.9475644801975,711645.453544976,8120559.97757745
"AA32_99699546_20220729",99699546,"ID23_D24",-75.73306,73.05714,"2022-07-30 09:15:01","2022-07-29 22:03:00",945,9,0.00952380952380952,-76.0948,72.9425,17.4098944658586,671118.957091928,8114383.8689158
"AA36_99699507_20220725",99699507,"ID03_D29",-75.66976,73.46903,"2022-07-26 12:49:01","2022-07-25 21:46:00",1122,-11,-0.00980392156862745,-76.0948,72.9425,60.3350821162238,669080.070059273,8160348.67304898
"AA4_99698880_20230725",99698880,"ID02_D32",-75.78462,73.22907,"2023-07-26 10:13:01","2023-07-25 22:46:00",914,4,0.00437636761487965,-76.0948,72.9425,33.528280100876,667778.007975457,8133350.65326305
"AA41_99699544_20220729",99699544,"ID21_D35",-74.62248,73.10889,"2022-07-30 06:03:01","2022-07-29 21:37:00",1237,-6,-0.00485044462409054,-76.0948,72.9425,51.4618102761348,706473.598084085,8123635.55856419
"AA5_99699533_20220725",99699533,"ID19_D39",-76.45174,73.25892,"2022-07-26 14:01:01","2022-07-25 22:08:00",1235,-13,-0.0105263157894737,-76.0948,72.9425,37.1598150294045,646104.26551636,8134920.09068111
"AA6_99699511_20230801",99699511,"ID06_D40",-75.54196,73.18679,"2023-08-01 20:13:05","2023-08-01 10:11:00",941,-16,-0.0170031880977683,-76.0948,72.9425,32.6565247763959,675994.888222846,8129348.41309733
"AA7_99699661_20230726",99699661,"ID41_D41",-74.94504,73.35276,"2023-07-27 08:16:01","2023-07-27 01:24:00",922,-50,-0.0542299349240781,-76.0948,72.9425,59.0015391632986,693313.734449067,8149628.96538876
"L23_99699514_20230801",99699514,"ID08_D42",-75.60704,73.10122,"2023-08-01 20:59:01","2023-08-01 11:02:00",843,-20,-0.0237247924080664,-76.0948,72.9425,23.8035147069815,674760.836382973,8119647.56841845
"L23_99699667_20230729",99699667,"ID42_D43",-75.15738,73.14686,"2023-07-30 14:05:17","2023-07-30 01:02:00",1439,-46,-0.0319666435024322,-76.0948,72.9425,38.1026421601007,688795.411108864,8126084.49669109
"L24_99699545_20220729",99699545,"ID22_D45",-74.85149,73.07358,"2022-07-30 04:22:06","2022-07-29 21:51:00",885,10,0.0112994350282486,-76.0948,72.9425,43.1269392313478,699487.54357799,8118939.38698466
"L31_130600360_20230807",130600360,"ID53_D48",-75.58474,72.85118,"2023-08-08 05:20:00","2023-08-07 22:29:00",983,-20,-0.0203458799593082,-76.0948,72.9425,19.6053489783883,678000.594262482,8091923.46598455
"L31_99699513_20230729",99699513,"ID07_D49",-75.08296,73.32377,"2023-07-30 11:36:00","2023-07-30 01:23:00",1426,-43,-0.0301542776998597,-76.0948,72.9425,53.7105173398532,689243.367664119,8145968.32326504
"L31_99699673_20230801",99699673,"ID44_D50",-75.71531,73.16733,"2023-08-01 18:13:05","2023-08-01 10:52:00",668,5,0.00748502994011976,-76.0948,72.9425,27.9635457864573,670610.16860795,8126683.35954876
"L39_99699509_20220725",99699509,"ID04_D52",-75.34127,73.53936,"2022-07-26 13:47:03","2022-07-25 23:04:00",985,28,0.0284263959390863,-76.0948,72.9425,70.8859474446825,678730.087172965,8169120.80939533
"L40_99699674_20230801",99699674,"ID45_D54",-74.90996,73.25868,"2023-08-01 23:23:01","2023-08-01 11:11:00",1383,-8,-0.00578452639190166,-76.0948,72.9425,52.1911606115559,695497.704713906,8139297.07681123
"5AC_99699671_20230802",99699671,"ID43_D04",-75.4056,73.42217,"2023-08-03 08:42:04","2023-08-02 23:53:00",1336,-40,-0.029940119760479,-76.0948,72.9425,57.9732451220203,677926.508680241,8155908.12104738
"AA10_99699522_20230801",99699522,"ID12_D06",-75.99127,72.89433,"2023-08-02 02:42:04","2023-08-01 22:30:00",681,-54,-0.079295154185022,-76.0948,72.9425,6.35777466634875,664265.311607379,8095559.52613843
"AA12_99699549_20230802",99699549,"ID24_D09",-75.82731,73.36303,"2023-08-03 07:06:04","2023-08-02 23:25:00",802,8,0.00997506234413965,-76.0948,72.9425,47.7187499887972,665116.465862782,8148124.59849093
"AA12_99699675_20230801",99699675,"ID46_D10",-75.39267,73.17574,"2023-08-02 08:57:01","2023-08-01 22:43:00",739,30,0.040595399188092,-76.0948,72.9425,34.630538539486,680911.491629887,8128565.83758518
"AA16_99699553_20220806",99699553,"ID27_D12",-75.92075,73.03837,"2022-08-07 09:09:28","2022-08-06 23:25:00",959,15,0.0156412930135558,-76.0948,72.9425,12.1146623820262,665212.016705974,8111769.90954508
"AA16_99699579_20220808",99699579,"ID36_D13",-75.58498,73.32488,"2022-08-09 22:00:03","2022-08-09 00:51:00",1375,-15,-0.0109090909090909,-76.0948,72.9425,45.7551010849568,673218.037996912,8144569.67645994
"AA20_99699525_20220803",99699525,"ID15_D14",-75.12246,73.39043,"2022-08-04 09:34:03","2022-08-03 12:58:00",1426,-46,-0.032258064516129,-76.0948,72.9425,59.0514840897624,687253.537432378,8153247.34108737
"AA22_99699561_20220806",99699561,"ID33_D16",-75.02759,73.57412,"2022-08-07 00:23:59","2022-08-06 12:20:00",1355,20,0.014760147601476,-76.0948,72.9425,78.398166850179,688220.918624914,8173945.7621284
"AA22_99699578_20220808",99699578,"ID35_D17",-75.67305,73.05502,"2022-08-09 16:57:14","2022-08-09 00:26:00",1330,-66,-0.0496240601503759,-76.0948,72.9425,18.6343385627011,673085.010501985,8114320.72814897
"AA23_99699678_20230802",99699678,"ID48_D18",-75.0296,73.34978,"2023-08-02 22:06:01","2023-08-02 11:35:00",820,36,0.0439024390243902,-76.0948,72.9425,57.0506850049264,690655.4302325,8149026.43097268
"AA3_99699521_20220803",99699521,"ID11_D20",-75.1116,73.4327,"2022-08-04 01:57:01","2022-08-03 11:28:00",1430,-40,-0.027972027972028,-76.0948,72.9425,63.250610730276,687134.472271767,8157976.08097804
"AA3_99699558_20220806",99699558,"ID30_D21",-76.02498,73.22652,"2022-08-07 08:16:39","2022-08-07 01:20:00",680,11,0.0161764705882353,-76.0948,72.9425,31.7745244529543,660085.910962834,8132408.38316949
"AA32_99699528_20220803",99699528,"ID17_D23",-75.88754,73.18252,"2022-08-04 10:35:58","2022-08-03 23:41:00",1304,-21,-0.0161042944785276,-76.0948,72.9425,27.6191624455315,664917.796759665,8127889.14072476
"AA32_99699551_20220806",99699551,"ID26_D25",-75.66379,73.02349,"2022-08-07 02:51:03","2022-08-06 22:40:00",1235,-24,-0.0194331983805668,-76.0948,72.9425,16.734252118683,673698.276000026,8110842.91063612
"AA33_99699605_20230802",99699605,"ID38_D26",-76.42946,73.34517,"2023-08-02 16:33:02","2023-08-02 10:48:00",1392,8,0.00574712643678161,-76.0948,72.9425,46.2202036726794,646083.928613924,8144570.80455135
"AA34_99699527_20220803",99699527,"ID16_D27",-76.50935,73.16385,"2022-08-04 10:00:35","2022-08-03 23:27:00",736,11,0.014945652173913,-76.0948,72.9425,28.1436079094007,645052.22820354,8124201.84574651
"AA35_99699559_20220806",99699559,"ID31_D28",-75.96642,72.85133,"2022-08-06 16:24:00","2022-08-06 11:46:00",861,-78,-0.0905923344947735,-76.0948,72.9425,11.0122701895795,665481.021877361,8090846.4092708
"AA36_99699530_20220803",96699530,"ID01_D30",-76.06006,73.08883,"2022-08-04 08:03:53","2022-08-04 00:21:00",1345,-45,-0.033457249070632,-76.0948,72.9425,16.3679551026574,660226.173344606,8117002.39492789
"AA36_99699556_20220806",99699556,"ID29_D31",-75.86442,73.26821,"2022-08-07 08:45:00","2022-08-07 00:21:00",1118,11,0.00983899821109123,-76.0948,72.9425,37.1067313102915,664842.134844979,8137480.17918398
"AA40_99699523_20220803",99699523,"ID13_D33",-76.28747,73.21155,"2022-08-03 22:54:03","2022-08-03 12:25:00",730,15,0.0205479452054795,-76.0948,72.9425,30.6684966085638,651787.293111627,8130059.12536045
"AA41_99699524_20220803",99699524,"ID14_D34",-74.18618,72.72791,"2022-08-04 01:45:01","2022-08-03 12:42:00",1341,1,0.000745712155108128,-76.0948,72.9425,67.3009307081227,725370.865866658,8082942.19913368
"AA41_99699550_20220806",99699550,"ID25_D36",-75.73622,72.98288,"2022-08-06 20:54:01","2022-08-06 11:22:00",866,-7,-0.00808314087759815,-76.0948,72.9425,12.5662980305954,671743.901278985,8106119.91257419
"AA41_99699677_20230802",99699677,"ID47_D37",-74.68484,73.45757,"2023-08-02 22:48:01","2023-08-02 10:35:00",852,21,0.0246478873239437,-76.0948,72.9425,73.3094314369459,700359.63988909,8162121.48889217
"AA41_99699697_20230803",99699697,"ID52_D38",-75.94298,73.17218,"2023-08-04 12:48:00","2023-08-03 23:43:00",1531,-47,-0.030698889614631,-76.0948,72.9425,26.101502548925,663230.694031803,8126587.41363854
"L24_99699529_20220803",99699529,"ID18_D44",-76.02288,72.90921,"2022-08-04 09:42:01","2022-08-03 23:57:00",653,-23,-0.0352220520673813,-76.0948,72.9425,4.39978968660722,663093.069299523,8097127.85411462
"L24_99699577_20220808",99699577,"ID34_D46",-76.03991,72.95916,"2022-08-09 20:03:03","2022-08-09 00:01:00",1373,-93,-0.0677348871085215,-76.0948,72.9425,2.58549463299864,662075.325877018,8102636.31945546
"L27_99699520_20230801",99699520,"ID10_D47",-75.42715,73.1555,"2023-08-02 05:00:49","2023-08-01 23:42:00",619,48,0.0775444264943457,-76.0948,72.9425,32.2079714877279,680012.018876966,8126212.91653399
"L31_99699679_20230802",99699679,"ID49_D51",-75.73217,73.15226,"2023-08-03 17:15:26","2023-08-02 23:12:00",1401,-22,-0.0157030692362598,-76.0948,72.9425,26.2159146078916,670214.976080327,8124960.14665562
"L39_99699554_20220806",99699554,"ID28_D53",-75.90604,73.06767,"2022-08-07 06:48:10","2022-08-06 23:42:00",766,1,0.00130548302872063,-76.0948,72.9425,15.2656877515239,665411.647381357,8115068.34765892
